1.46889868484279E+018,il√©via,katyvuylsteker ileviametro Bonjour Si votre foulard est retrouv√© il sera disponible sur notre site des objets trouv√©s  Bonne journ√©e,Thu Dec 09 12:01:51 CET 2021,il√©via,2
1.46889616638544E+018,UNSA Il√©via,Le Temps de repos des Agents doit √™tre pr√©serv√© et assur√© durablement ,Thu Dec 09 11:51:51 CET 2021,il√©via,2
1.46886827479661E+018,üåÄ,les nerfs que jai √ßa fait deux mois que lescalator √† caulier est en panne et tu veux prendre lascenseur ya des crackhead qui chient dedans cest comment ileviametro,Thu Dec 09 10:01:01 CET 2021,il√©via,0
1.46886697946131E+018,zimzalabitch,mais parfois ilevia ils se sentent plus cest quoi √ßa pourquoi ya un concert dans la station baissez le volume un peu ,Thu Dec 09 09:55:52 CET 2021,il√©via,0
1.46886652475259E+018,‚ö´‚ö™ Cruella Devil ‚ö™‚ö´,Nan mais Ilevia qui reprend sa crise des arrets violents  la moitie de la rame vient de voler dans tous les sens,Thu Dec 09 09:54:04 CET 2021,il√©via,0
1.46885579920417E+018,feunek,la SNCF et ilevia jen ai ras le cul,Thu Dec 09 09:11:27 CET 2021,il√©via,0
1.46885477989193E+018,Sabrina Khelil,Lille Instantan√© m√©tro  ligne  Ilevia blind√©e Deux dames arrivent en face de moi sans masque Ayant perdu  membres de ma famille du Covid dans un pays en d√©veloppement je suis pas trop corona friendly Je demande donc (tr√®s) gentiment de remonter le masque ,Thu Dec 09 09:07:24 CET 2021,il√©via,0
1.46885225210653E+018,Áå´,Il√©via jv m√©nerver,Thu Dec 09 08:57:21 CET 2021,il√©via,0
1.46884518170956E+018,Katy Vuylsteker üåª,Bonjour ileviaactu et les usagers ileviametro en route pour la pl√©ni√®re du Conseil R√©gional je viens doublier un foulard bleu et vert dans le m√©tro au niveau de la station Grand Palais direction St Phi Il a une valeur sentimentale jy tiens √©norm√©ment Help  ,Thu Dec 09 08:29:15 CET 2021,il√©via,2
1.46884415142074E+018,Marcovalda,ileviaactu  sur lecran dannonce des bus a porte de Douai il est toujours annonc√©pas de service pour la L alors quelle passe bel et bien Pouvezvous r√©tablir laffichage de ses horaires ,Thu Dec 09 08:25:10 CET 2021,il√©via,2
1.46883449803294E+018,Theo*ilevia,ileviabus Mais c pk toujours problem av cette rue ya quoi av cette rue enft ,Thu Dec 09 07:46:48 CET 2021,il√©via,0
1.46879252054093E+018,il√©via Bus, Ce jeudi  d√©cembre les lignes  et  ne r√©alisent pas certains d√©partsRetrouvez le d√©tail sur notre site ,Thu Dec 09 05:00:00 CET 2021,il√©via,2
1.4687265310108E+018,üá™üá¶ MD3üá´üá∑,Sirmvv ErwannMkg Ligne  ilevia ou navette mais cest e le ticket,Thu Dec 09 00:37:47 CET 2021,il√©via,2
1.46871584109745E+018,SamGamegie,Il√©via cest bien de mettre des horaires sur lapplication comme sur les arr√™ts de bus mais de ne pas les respecter cest cool  Je suis content davoir un bus en terminant le boulot sauf que l√† sa fais  minutes que jattends mais aucun bus ne passe tout vas bien ,Wed Dec 08 23:55:18 CET 2021,il√©via,0
1.46869809261888E+018,EXTRAFUNFM,zolive ileviaactu Bien trouv√©e la petite pic pour Lundi,Wed Dec 08 22:44:47 CET 2021,il√©via,2
1.46869791788017E+018,EXTRAFUNFM,CgtIlevia ileviaactu Lesprit mal tourn√©e un peu non ,Wed Dec 08 22:44:05 CET 2021,il√©via,0
1.46869765128999E+018,EXTRAFUNFM,ileviaactu LES TRANSPOS GRATUIT POUR TOUS CA SERAIT UNE BONNE IDEE NON ,Wed Dec 08 22:43:01 CET 2021,il√©via,2
1.46869494166479E+018,Phinorex,TaoLeSinge All I want for Christmas is la faillite dIlevia et son remplacement par une soci√©t√© comp√©tente,Wed Dec 08 22:32:15 CET 2021,il√©via,0
1.46868886625729E+018,CGTCheminotsTrappes,joedaltonlove √áa nemp√™chera pas les gr√®ves comme ici √† Lille lundi dernier ou les deux lignes de m√©tro automatiques √©taient enti√®rement a larr√™t du fait de la gr√®ve des op√©rateurs,Wed Dec 08 22:08:07 CET 2021,il√©via,0
1.46868107124397E+018,juju ‚úÇ check pinned if unf,MDRRRRRRRRRRRRRRR jvoulais voir le tweet de il√©via qui fait pol√©mique javais oubli√© que j√©tais bloqu√©e,Wed Dec 08 21:37:08 CET 2021,il√©via,2
1.46865734117227E+018,MAMAN ANGE,Y mont perdu un colis que javais envoy√© du coup je lai dans le cul je vais les tuer je vais tuer ma fille,Wed Dec 08 20:02:51 CET 2021,il√©via,0
1.46865705682353E+018,MAMAN ANGE,Vinted je leur ai fait du chantage au suicide  jai dit que jallais tuer ma fille bah pour e y en ont rien √† battre super le prix de deux vies humaines pour eux vinted fuck you,Wed Dec 08 20:01:43 CET 2021,il√©via,0
1.46865678249513E+018,MAMAN ANGE,ma responsable qui ma regard√© comme si j√©tais une grosse radine folle de fric quand je lui ai dit que jallais faire du chantage au suicide √† relais colis pour e,Wed Dec 08 20:00:37 CET 2021,il√©via,0
1.46863315513345E+018,ü¶†pepitoü¶†,ileviabus des perturbations sur la ligne  en direction de flandres,Wed Dec 08 18:26:44 CET 2021,il√©via,0
1.46863073218053E+018,MAMAN ANGE,On vous fourni larme √† feu,Wed Dec 08 18:17:07 CET 2021,il√©via,0
1.46863064811409E+018,MAMAN ANGE,Est ce que les gens qui comptent se suicider peuvent tuer un m√™me te du gouvernement avant de passer √† lacte svp,Wed Dec 08 18:16:47 CET 2021,il√©via,0
1.46862890326686E+018,LR,L'info bus m√©tro tram ileviaactu SEULEMENTQualit√© de service non assur√© sans panne trajet limit√© √† h m√™me en cas de panne et retard,Wed Dec 08 18:09:51 CET 2021,il√©via,0
1.46862867863249E+018,il√©via,Rendezvous au cur des festivit√©s avec il√©via pour seulement  le trajet unitaire et surtout faitesvous plaisir Pour gagner du temps achetez vos titres sur le site Internet   ,Wed Dec 08 18:08:57 CET 2021,il√©via,4
1.46861961436405E+018,Nuage cosmique,Tout est bon pour nous voler de largent Je paye pas un abonnement pour quon me force √† acheter un ticket quand je prends le bus ileviametro ileviabus,Wed Dec 08 17:32:56 CET 2021,il√©via,0
1.46861943683169E+018,Nuage cosmique,Bonjour ileviametro ileviabus je peux savoir pourquoi un de vos contr√¥leurs ma forc√© √† acheter un ticket de bus soit disant pour ne pas me mettre damende parce quil ne trouvait pas mon abonnement sur sa machine alors que je viens de prendre le m√©tro et que tout est ok ,Wed Dec 08 17:32:14 CET 2021,il√©via,0
1.46861516532742E+018,Dimix,Cet apr√®smidi d√©couverte du r√©seau M√©tro ileviaactu par des enfants de  et  ans Un pur plaisir pour eux de conduire un m√©tro   ,Wed Dec 08 17:15:15 CET 2021,il√©via,4
1.46861352904965E+018,ùë¶ùë¢ùëõùëé„ÉÉ,on va monter une √©quipe contre il√©via pcq yen a marre la ,Wed Dec 08 17:08:45 CET 2021,il√©via,0
1.46861335495672E+018,Madsea,ileviaactu arr√™tez avec votre terminus INUTILE √† roubaix Grand place Vous faites partir des m√©tros vides et ensuite on est entass√©s les uns sur les autres dans le prochain En plein covid cest pas ouf et en rentrant du taff cest juste super chiant bordel de merde,Wed Dec 08 17:08:03 CET 2021,il√©via,0
1.46860898053258E+018,il√©via Bus,LIANE   D√©viation suite √† un probl√®me li√© √† la circulation rue de la Pr√©voyance √† LILLE Les arr√™ts Pr√©voyance et Place de la Garonne ne sont pas desservis et report√©s √† Rue de lOise Faubourg dArras (Ligne   Cita Lille) ou Simons,Wed Dec 08 16:50:41 CET 2021,il√©via,2
1.468587947847E+018,Dealeuse de C√¢lins,ileviaactu bonjour un portefeuille contenant  carte de m√©tro Il√©via carte vital et carte didentit√© au nom dOctave Lebelle √† √©t√© perdu entre C et Cit√© S si quelquun laurai retrouv√© ce serai fort sympathique Merci ),Wed Dec 08 15:27:06 CET 2021,il√©via ,2
1.46858670801077E+018,il√©via,AGENCE MOBILE  Retrouvez nos agents  au parc commercial SoGreen √† Seclin jusqu√† h Ils sont disponibles pour r√©pondre √† toutes vos questions Un sculpteur de ballons est √©galement pr√©sent pour les enfants  ,Wed Dec 08 15:22:10 CET 2021,il√©via ,2
1.46858424159641E+018,MEL-aux-drames,ileviabus merci au chauffeur de la L de ne pas s√™tre arr√™t√© √† Lille Europe,Wed Dec 08 15:12:22 CET 2021,il√©via ,4
1.46858271905566E+018,Martin Thurnherr,Dites ileviabus ileviaactu cest quoi le d√©lire dannuler les bus sans pr√©venir  Si les bus sont en pannes vous √™tes cens√© le savoir et donc faire au minimum un message sur lappli pour pr√©venir,Wed Dec 08 15:06:19 CET 2021,il√©via ,0
1.46858147968492E+018,il√©via Bus,LIANE   FIN de la d√©viation rue de la Pr√©voyance,Wed Dec 08 15:01:24 CET 2021,il√©via ,4
1.4685766052075E+018,Mektoub_sh,marouaam JE VOUS LAVEZ DIT ELLE AIME ILEVIA ,Wed Dec 08 14:42:02 CET 2021,il√©via ,4
1.46857639698129E+018,Sendo „Çø„Ç±„Ç∑,Fuck la ratp cest le x dilevia,Wed Dec 08 14:41:12 CET 2021,il√©via ,0
1.46890176805888E+018,Aymeric Pontier,Vivendi avance dun an son OPA sur Lagard√®re qui aura donc lieu juste avant l√©lection pr√©sidentielle ,Thu Dec 09 12:14:07 CET 2021,Election pr√©sidentielle,2
1.46890095688049E+018,France avec un ‚ì©, Cest par cette vid√©o que le suspens a pris fin Eric Zemmour va annoncer sa candidature √† l√©lection pr√©sidentielle √† h  Rendezvous ici  Pr√©sidentZemmour,Thu Dec 09 12:10:53 CET 2021,Election pr√©sidentielle,2
1.46890066464235E+018,AksilFx,bfmbusiness En comparaison √† ses concurrents pour la future √©lection pr√©sidentielle il na pas √† se faire de soucis des comptes dun bon p√®re de familleil y a une businesswoman qui a mis tout le monde daccord par contre,Thu Dec 09 12:09:43 CET 2021,Election pr√©sidentielle,2
1.46890065082212E+018,logique de l'art,mais anne cest toi qui devez partir la premiereregarder Paris d√©sordre  personne ne veut desordre France  Presidentielle  AnneHidalgo  joue son vatout en proposant une primaire √† gauche ,Thu Dec 09 12:09:40 CET 2021,Election pr√©sidentielle,2
1.46890048653958E+018,√âlections 2022,Je souhaite la victoire de Val√©rie P√©cresse et je my emploierai de toutes mes forcesDans une interview au journal LeFigaro ECiotti appelle les √©lecteurs tent√©s par √âric Zemmour √† choisir Val√©rie P√©cresse ,Thu Dec 09 12:09:01 CET 2021,Election pr√©sidentielle,4
1.46890021655223E+018,Acrimed,BFM Business se lance dans le traitement de l√©lection pr√©sidentielle avec une nouvelle √©mission  Faire r√©ussir la France  Et quitte √† y aller franco la r√©daction affiche une r√©alisation en partenariat avec le Medef,Thu Dec 09 12:07:57 CET 2021,Election pr√©sidentielle,2
1.46889987709047E+018,No1oZ me,fleurdepee Fran√ßois Hollande a aussi √©t√© Pr√©sident de conseil g√©n√©ral Les mandats locaux nont rien √† voir avec la responsabilit√© pr√©sidentielle √áa ressemble plus √† une √©lection de d√©l√©gu√© qu√† la nomination dun PDG Un maire a plus de charge de travail quun Pr√©sident de r√©gion,Thu Dec 09 12:06:36 CET 2021,Election pr√©sidentielle,0
1.46889963216824E+018,Royer Georges,L√©lection pr√©sidentielle nest pas le couronnement de la vie d√©mocratique mais laboutissement de la d√©possession √©lectorale du pouvoir populaire au profit des politichiens Comme en chaque Fran√ßais il y a un esclave qui sommeille cette d√©possession nest pas si difficle,Thu Dec 09 12:05:37 CET 2021,Election pr√©sidentielle,0
1.46889960701505E+018,bourgeois francine, √† notre √©quipe Diversit√©  Inclusion pour son troph√©e NQTasso de lengagement innovant  pour le Hub de lalternanceLe Hub permet aux candidats des QVP de la diversit√© ou en situation de handicap de rencontrer des recruteurs sensibilis√©s √† linclusion des talents ,Thu Dec 09 12:05:31 CET 2021,Election pr√©sidentielle,4
1.46889958243633E+018,Jean-Ren√© Cazeneuve,Lamateurisme dAnneHidalgoqui √†  mois de l√©lection propose une primaire sans m√™me s√™tre assur√©e que les autres y √©taient pr√™ts Elections,Thu Dec 09 12:05:25 CET 2021,Election pr√©sidentielle,0
1.46889952906382E+018,PolitiqueAddict,lemondefr LaurentTelo Mais que ChTaubira nh√©site pas un seul instant √† se pr√©senter √† l√©lection pr√©sidentielle Elle qui a combattu la France en vivant longtemps dans la clandestinit√© et son mari qui a fait de la prison La candidate repoussoir par excellence On a pas fini de se marrer,Thu Dec 09 12:05:13 CET 2021,Election pr√©sidentielle,0
1.46889906191906E+018,GARCIA Jacqueline,Ce nest pas une tenue pour une candidate √† l√©lection pr√©sidentielle ,Thu Dec 09 12:03:21 CET 2021,Election pr√©sidentielle,0
1.46889844519275E+018,J-135 avant l'√©lection de Zemmour,J avant l√©lection pr√©sidentielle de ZemmourEric  ZZZ Zemmour ZemmourPr√©sident ZemmourSecondTour ,Thu Dec 09 12:00:54 CET 2021,Election pr√©sidentielle,2
1.46889838297453E+018,MMS,Yannick Jadot et Fabien Roussel rejettent la primaire √† gauche propos√©e par Anne Hidalgo  via  lemondefr,Thu Dec 09 12:00:39 CET 2021,Election pr√©sidentielle,2
1.46889833656033E+018,Moreno St√©phane,RosensteinMick Brevesdepresse Aux municipales LREM a obtenu   la question est de savoir si les St√© informatiques US viennent ou non consolider les r√©sultats √©lectoraux de ce scrutin  On aura certainement recours √† cellesci pour l√©lection Pr√©sidentielle,Thu Dec 09 12:00:28 CET 2021,Election pr√©sidentielle,0
1.4688982873402E+018,sayada,Yannick Jadot et Fabien Roussel rejettent la primaire √† gauche propos√©e par Anne Hidalgo  via lemondefr,Thu Dec 09 12:00:17 CET 2021,Election pr√©sidentielle,2
1.46889810025744E+018,Fred Muhl Valentin,il sagit de Marc de CacquerayValm√©nier issu dune noble et ancienne famille de gentilshommes normands (un p√®re ancien de lAction fran√ßaise un oncle aum√¥nier √† Civitasun cousin t√™te de liste du Rassemblement national aux municipales auMans) ,Thu Dec 09 11:59:32 CET 2021,Election pr√©sidentielle,4
1.46889759150518E+018,Thomas Melchiorre,CageJulia julienbayou yjadot AnneHidalgo Le probl√®me cest que comptetenu des diff√©rences programmatiques entre les candidats la primaire aurait pour fonction non pas de rassembler autour dune candidature mais d√©liminer les autres Et de r√©duire encore le pluralisme d√©mocratique de l√©lection pr√©sidentielle ,Thu Dec 09 11:57:31 CET 2021,Election pr√©sidentielle,2
1.46889735023618E+018,Yves 946778,Montebourg  Hidalgo  le retour du d√©bat sur lunion de la gaucheDe la gauche plurielle √† la gauche plus rien ,Thu Dec 09 11:56:33 CET 2021,Election pr√©sidentielle,2
1.46889715034819E+018,jfgino,YannickJadot et FabienRoussel rejettent la primaire √† gauche propos√©e par AnneHidalgo ,Thu Dec 09 11:55:46 CET 2021,Election pr√©sidentielle,2
1.46889683559927E+018,Leinad57,Contrairement √† la FranceInsoumise il un certain nombre de partis et candidats √† la pr√©sidentielle quon a tr√®s tr√®s peu vus (voire pas du tout) et qui √†  mois de l√©lection se d√©couvrent une √¢me de sauveur de la France Je pense quils se reconnaitront √† la lecture de twt,Thu Dec 09 11:54:31 CET 2021,Election pr√©sidentielle,0
1.46889682882547E+018,Xaena Ovis,Yannick Jadot et Fabien Roussel rejettent la primaire √† gauche propos√©e par Anne Hidalgo ,Thu Dec 09 11:54:29 CET 2021,Election pr√©sidentielle,2
1.46889653611339E+018,The French de Gaule,Yannick Jadot et Fabien Roussel rejettent la primaire √† gauche propos√©e par Anne Hidalgo ,Thu Dec 09 11:53:19 CET 2021,Election pr√©sidentielle,2
1.46889645209304E+018,Le Monde Politique,Yannick Jadot et Fabien Roussel rejettent la primaire √† gauche propos√©e par Anne Hidalgo ,Thu Dec 09 11:52:59 CET 2021,Election pr√©sidentielle,2
1.46889580877914E+018,Dan Dhombres,dombouissou Le poison de l√©lection pr√©sidentielle au suffrage universel ,Thu Dec 09 11:50:26 CET 2021,Election pr√©sidentielle,0
1.46889568493815E+018,Rebel Pujiri,PatrickKanner AnneHidalgo franceinfoplus Bref lespoir du PS pour l√©lection pr√©sidentielle  ne pas dispara√Ætre Merci pour la France ,Thu Dec 09 11:49:56 CET 2021,Election pr√©sidentielle,4
1.46889551154983E+018,merejkowsky,Immigration et Election Pr√©sidentielle  via wordpressdotcom,Thu Dec 09 11:49:15 CET 2021,Election pr√©sidentielle,2
1.46889511140893E+018,Alexis Bouchard,En reconnaissant la n√©cessit√© dune union de toutes les forces de gauche pour l√©lection pr√©sidentielle AnneHidalgo fait preuve de courage de responsabilit√© et dhumilit√©Il est encore temps de travailler sur ce qui nous rassemblePeuple de gauche r√©veilletoi ,Thu Dec 09 11:47:39 CET 2021,Election pr√©sidentielle,4
1.46889481190635E+018,JP Qui√±onero,Dans lorbite dEric Zemmour une n√©buleuse de groupuscules violents dultradroite  a trav√©s de lemondefr,Thu Dec 09 11:46:28 CET 2021,Election pr√©sidentielle,0
1.46889419087674E+018,G√©rard SIMON,Abus de sambuc En Ari√®ge cadres du partisocialiste et militants sont persuad√©s que leur candidate √† l√©lection pr√©sidentielle a toutes ses chances dacc√©der au nd tour et m√™me de remporter le scrutin ,Thu Dec 09 11:44:00 CET 2021,Election pr√©sidentielle,0
1.46889402768466E+018,‚ô° Nantes Online,La proposition de primaire formul√©e par Anne Hidalgo rejet√©e par la plupart de ses concurrents √† gauche pour l√©lection pr√©sidentielle ,Thu Dec 09 11:43:21 CET 2021,Election pr√©sidentielle,2
1.46889401340725E+018,Moritz von Kongo,RDC Nous sommes √†  jours du  d√©cembre Un tweet par jour pour convaincre le prix Nobel de la paix DenisMukwege d√™tre candidat √† l√©lection pr√©sidentielle de Partageons le vu d√©lire MukwegePresident pour b√¢tir un √âtat juste TPI RapportMapping TPIRDC DRC,Thu Dec 09 11:43:18 CET 2021,Election pr√©sidentielle,2
1.46889381349004E+018,‚ô° Nantes Online,Pr√©sidentielle  Anne Hidalgo joue son vatout en proposant une primaire √† gauche ,Thu Dec 09 11:42:30 CET 2021,Election pr√©sidentielle,2
1.46889324126525E+018,IREP,FErner  DBonnay cc respondi nous font part dun de leurs usages de lIA r√©sum√©s darticles de journaux pour voir limpact de lactualit√© sur lopinion des candidats √† l√©lection pr√©sidentielle Lia permet de consulter  trier  de  articlesirepforum cc MCAssas ,Thu Dec 09 11:40:14 CET 2021,Election pr√©sidentielle,2
1.46889313088795E+018,Jacques Bolo,Election pr√©sidentielle  sur les terres dEric Ciotti P√©cresse m√©nage sa droiteM√™me erreur que Bertrand qui a sans doute √©t√© √©limin√© au profit de P√©cresse pour avoir pr√©f√©r√© le soutien futur de Ciotti √† celui imm√©diat de Muselier lemondefr,Thu Dec 09 11:39:47 CET 2021,Election pr√©sidentielle,0
1.4688928882014E+018,Chlo√© Morin,une candidature dunion na de sens que si tous les candidats partagent les m√™mes propositions()ce nest pas le cas selon fhollande Absurdeles primaires st l√† pr trancher entre diff√©rentes lignes politiques P√©cresseCiotti VallsHamonetc ,Thu Dec 09 11:38:49 CET 2021,Election pr√©sidentielle,0
1.46889287729622E+018,Philippe Coulangeon,Suicide mode demploi R√©√©dition dun succ√®s de librairie du d√©but des ann√©es   via lemondefr,Thu Dec 09 11:38:47 CET 2021,Election pr√©sidentielle,2
1.46889219426631E+018,G√©rard SIMON,Il y a la volont√© pour AnneHidalgo de sortir de limpasse par une id√©e surprise a raill√© M Jadotelle prend acte de limpasse de sa candidature de sa difficult√© √† ce que les id√©es quelle porte percent dans lopinion publiqueA raill√© ,Thu Dec 09 11:36:04 CET 2021,Election pr√©sidentielle,2
1.46889219300382E+018,Xavier Crepin,A l√©lection pr√©sidentielle de  la gauche divis√©e avec moins de  des voix le second tour est entre le centre et lextr√™me droite ,Thu Dec 09 11:36:04 CET 2021,Election pr√©sidentielle,2
1.46889180993812E+018,Tiago üêù,carlguiban Jouteey farghie Langlais nest pas la seule langue qui existe Elle est bilingue fran√ßais espagnol il y a assez peu de candidats bilingues √† l√©lection pr√©sidentielle,Thu Dec 09 11:34:32 CET 2021,Election pr√©sidentielle,0
1.46889167083814E+018,Hiroo Jay,BFMTV Tu parlesMacron ne r√™ve que dune chose  avoir un candidat dextr√™me droite face √† lui au second tour de l√©lection pr√©sidentielle Comme en ,Thu Dec 09 11:33:59 CET 2021,Election pr√©sidentielle,0
1.46889131124812E+018,vermer michel,presidentielles La France insoumise les communistes et m√™me des membres du PS d√©clinent loffreAvec la mont√©e en puissance de la droite dans les sondages en vue de l√©lection pr√©sidentielle de  ,Thu Dec 09 11:32:33 CET 2021,Election pr√©sidentielle,2
1.46889108227252E+018,Xavier Crepin,A l√©lection pr√©sidentielle de  la gauche divis√©e obtient moins de  des voix et le second tour oppose la droite et lextr√™me droite ,Thu Dec 09 11:31:39 CET 2021,Election pr√©sidentielle,2
1.4688908771333E+018,L'Obs,Pour AnneHidalgo et montebourg cest ouiPour yjadot JLMelenchon et FabienRoussel cest nonLes √©cologistes les Insoumis et les communistes disent non √† une primairedelagauche   ,Thu Dec 09 11:30:50 CET 2021,Election pr√©sidentielle,2
1.46889067451483E+018,EURACTIV France,PFUE  Retrouvez les priorit√©s des √©cologistes exprim√©s par Yannick Jadot d√©put√© europ√©en et candidat √† l√©lection pr√©sidentiellePar NellyMoussu,Thu Dec 09 11:30:02 CET 2021,Election pr√©sidentielle,2
1.46889015641762E+018,sauvenasque VACCIN√â,CBoullay emmaducros EmmanuelMacron Francetv NathalieStCricq Depuis quand ce qui se passe a Bruxelles interesse les fran√ßais a part pour r√¢ler bien sur Aucune √©lection presidentielle ne se gagne sur des sujets internationaux,Thu Dec 09 11:27:58 CET 2021,Election pr√©sidentielle,0
1.46888970761875E+018,DLF Auvergne R-Alpes,Avec Nicolas DupontAignanCliquez sur NDA SauvonsLaFrancePresidentielle Politique France vote election ,Thu Dec 09 11:26:11 CET 2021,Election pr√©sidentielle,2
1.46888956484463E+018,GaNoN üá´üá∑,Un candidat √† l√©lection pr√©sidentielle  se fait agresser  le ministre de la Justice  bien fait ,Thu Dec 09 11:25:37 CET 2021,Election pr√©sidentielle,0
1.46888947904166E+018,Alexandre Lemari√©,Quelle riposte face √† Val√©rie P√©cresse  Les macronistes veulent cibler son projet √©conomique et social daust√©rit√© Leur espoir faire d√©railler sa campagne sur le mode de ce quavait connu Fillon apr√®s sa victoire √† la primaire en   ,Thu Dec 09 11:25:17 CET 2021,Election pr√©sidentielle,2
1.46888919424869E+018,üÖ∞cid Monkey - üá≤üá´üá™üá¶ #Pfizeris√© üíâüíâ,Bonjour je mappelle William et en  jai vot√© pour EmmanuelMacron aux deux tours de l√©lection pr√©sidentielleLe avril et le avril je voterai pour ansdeplus avec notre Pr√©sidentMacronistesAnonymes likez appropriezvous ce tweet ,Thu Dec 09 11:24:09 CET 2021,Election pr√©sidentielle,2
1.46890190402134E+018,Football de notre enfanceüéô‚öΩ Les Lib√©ros,SenthanMojah On a fait un focus sur sa saison au PSG On la mentionn√© plusieurs fois en parlant de l√©quipe de France ou de lInter On noubliera jamais son r√¥le majeur dans deux √©pop√©es qui ont marqu√© notre enfance  France  et laventure de Ronaldo √† lInter,Thu Dec 09 12:14:39 CET 2021,Equipe de France,4
1.46890151213503E+018,Antibes Sharks, Big Man  Lex pivot de l√©quipe de France Fred Weis est pass√© √† lAzurarena en compagnie de nos partenaires de LeMatelasNicois   Loccasion dimmortaliser ce moment avec nos Sharks qui ont trouv√© plus grand queux avec les m de Bigfredstyle GoSharks ,Thu Dec 09 12:13:06 CET 2021,Equipe de France,4
1.46890109576647E+018,REMILLIER Fabien,EFASelection Force √† toi teddydejonghe merci pour tout ce que tu as apport√© √† cette √©quipe de france les joueurs te doivent beaucoup la qualification en  finale est aussi la tienne que tous sen souviennent ,Thu Dec 09 12:11:26 CET 2021,Equipe de France,4
1.46889914104041E+018,Romain Colas,AujourdhuiDansLaCorres Les ventes des quotidiens nationaux en croissance de   en octobre Seuls  Aujourdhui en France  ( )  L√âquipe  ( ) et  La Croix  ( ) sont en recul selon lACPM M√©dias ,Thu Dec 09 12:03:40 CET 2021,Equipe de France,2
1.46889830347985E+018,CASAFARI,Sena est notre Sales Development Representative pour l√©quipe France Rendezvous sur  consultez nos offres demploi et devenez vous aussi un membre de CASAFARI ,Thu Dec 09 12:00:21 CET 2021,Equipe de France,2
1.46889827017292E+018,Boulogne-Billancourt Sports,L√©quipe dames du TCBBtennis sest inclin√©e hier face au CT Clermontois en finale des Championnats de France interclubs pro A Les joueuses boulonnaises ont r√©alis√© un magnifique parcours et peuvent se r√©jouir de cette √®me place F√©licitations √† cette belle √©quipe  ,Thu Dec 09 12:00:13 CET 2021,Equipe de France,4
1.46889800216528E+018,Siemens_France, √† notre √©quipe Diversit√©  Inclusion pour son troph√©e NQTasso de lengagement innovant  pour le Hub de lalternanceLe Hub permet aux candidats des QVP de la diversit√© ou en situation de handicap de rencontrer des recruteurs sensibilis√©s √† linclusion des talents ,Thu Dec 09 11:59:09 CET 2021,Equipe de France,2
1.46889684946979E+018,tisio,JuLeNicois en √©quipe de France il reste pitoyable,Thu Dec 09 11:54:34 CET 2021,Equipe de France,0
1.46889666688763E+018,Teddy DEJONGHE,INFOSMessage adress√© √† tout les joueurs clubpro Je prend la parole aujourdhui concernant lEquipe de France EFASelection repr√©sentante de la comp√©tition EfaOffficiel dirig√© par stmtotostan Amertume et tristesse menvahissent aujourdhui Bon courage aux bleus ,Thu Dec 09 11:53:50 CET 2021,Equipe de France,2
1.46889643507684E+018,Videosdecyclisme,L√©quipe Ark√©aSamsic assur√©e de participer au Tour de France  et √† toutes les √©preuves WorldTour ,Thu Dec 09 11:52:55 CET 2021,Equipe de France,4
1.46889557740039E+018,Ligue 1 Uber Eats,Encore  joueurs de LigueUberEats pr√©sents dans l√âquipe de la Semaine sur FIFA  T√©ji Savanier Martin TerrierFr√©d√©ric GuilbertFUT EAFIFAFrance ,Thu Dec 09 11:49:31 CET 2021,Equipe de France,2
1.46889405911671E+018,√âpisodes al√©atoires de Doctor Who,Agatha Christie ach√®te un maillot de l√©quipe de France dans un futur lointain en r√™vant dun nouveau jeu Donkey Kong Country,Thu Dec 09 11:43:29 CET 2021,Equipe de France,4
1.46889405135307E+018,Test,Incroyable cette semaine en France des trous noirs envahissent un centre de recherche Dapr√®s les chercheurs tout va bien Une √©quipe va √™tre d√©ploy√©e Nous restons attentif √† dautres nouvelles,Thu Dec 09 11:43:27 CET 2021,Equipe de France,4
1.46889367781265E+018,Xenon.wav,FeliixDx lnstantFoot Pas que √ßa √† foutre d√©sol√© ici on va continuer √† critiquer ses performances d√©sastreuses en √©quipe de France,Thu Dec 09 11:41:58 CET 2021,Equipe de France,0
1.46889331916593E+018,Thierry Janville,EstelleMidi Domenech doit il √™tre de nouveau coach de l√©quipe de France ,Thu Dec 09 11:40:32 CET 2021,Equipe de France,2
1.46889257854005E+018,Utah Jazz France,SquadBuild Bah cest pour √ßa quon a autant de soucis face √† du small ball Rudy restera toujours autour de la raquette quoi quil arrive pour couvrir les faiblesses d√©fensives de toute l√©quipe donc yaura toujours un mec seul car les autres narrivent pas √† faire les bonnes rotations,Thu Dec 09 11:37:36 CET 2021,Equipe de France,0
1.46889244925492E+018,üåÇùôáùô™,kevingubbels PinkGeekCOD Aucun √©go toucher fiston moi au moins je massume je met pas une photo de l√©quipe de France,Thu Dec 09 11:37:05 CET 2021,Equipe de France,0
1.46889231796892E+018,Rapha√´l Bloch,En h Visa lance une √©quipe de conseil dans la crypto RevolutApp obtient sa licence bancaire en France Ledger va permettre des pr√™ts adoss√©s aux cryptos,Thu Dec 09 11:36:33 CET 2021,Equipe de France,2
1.46889185508561E+018,Eusko Gudariak œÜ üî∫ ü´íüíßüêù,andrewcdf HierRugby Equipe de France   ,Thu Dec 09 11:34:43 CET 2021,Equipe de France,2
1.46888951879956E+018,Mon,MaestroScout VanTeamOM En guise de maestro toi cest plut√¥t dans la cat√©gorie trou du cul quil faut te classer regarde les stats tu verra quelle √©quipe en France a disput√© le plus de finale en CE ensuite on va tenvoyer des bouteilles sur la tronche pour voir si tu chouines ,Thu Dec 09 11:25:26 CET 2021,Equipe de France,0
1.46888905964487E+018,Rencontres EMI,Le NewsTruck tout √©quip√© de ESJLille permet educations aux medias dans les territoires enclav√©s des HautsdeFrance RencontresEMICycleEmi  ,Thu Dec 09 11:23:37 CET 2021,Equipe de France,2
1.46888873605016E+018,korsa190,Yen a il juge les supporters et notre fa√ßon de supporter notre √©quipe et parle des vaillants qui se d√©place de toute la France alors quil sont comme √ßa dans leur canap√© tout les matchs ,Thu Dec 09 11:22:19 CET 2021,Equipe de France,0
1.46888470100805E+018,Nicole,KampfDe INDIGNEE JuanAtkinsson pjacquemain Il ne saliera avec personne Il a expliqu√© quil faut d√©ja commencer par le commencementA savoir un programme que les autres soit disant de gauche nont pas La France Insoumise a un programme  lavenir en commun Et une solide √©quipe Bref ils bossent √† la France Insoumise,Thu Dec 09 11:06:17 CET 2021,Equipe de France,0
1.46888419918059E+018,BMI Siplast,RecrutementRejoignez une √©quipe exceptionnelle  Monier BMI France et BMI Siplast France sont √† la recherche de leur INGENIEUR PROJET (HF)  Soumettez votre candidature ici rhfrbmigroupcomBmiMonier BmiSiplast emploi ressourceshumaines BienPlusQuUnToit ,Thu Dec 09 11:04:18 CET 2021,Equipe de France,2
1.46888347833068E+018,Taibron,PaprDragon Karoiju Le mot Lead est arriv√© aussi en France en soit cest juste pour baisser les salaires un team leader sera moins pay√© quun manager ou chef d√©quipe (le cas dans ma bo√Æte) ah √ßa se rajoute le fait que il y a encore plus de niveau hi√©rarchique car il faut rendre compte au ,Thu Dec 09 11:01:26 CET 2021,Equipe de France,0
1.46888312222151E+018,Nord France Invest,OFFRE DEMPLOI Nord France Invest recrute son futur Directeur de projets en CDI bas√© √† Lille  Rejoignez l√©quipe Pour d√©couvrir la fiche de poste cliquez ici emploi recrutement,Thu Dec 09 11:00:01 CET 2021,Equipe de France,2
1.46888194126506E+018,Occitania,Pas seulement en France RoyaumeUni avec une party No√´l en d√©cembre  ou l√©quipe de BorisJohnson f√™tait en combinaisons de No√´l et cadeaux secrets pendant que le Peuple devait se contenter de rester chez lui en confinement D√©mission hier de Allegra Stratton porteparole,Thu Dec 09 10:55:19 CET 2021,Equipe de France,0
1.46888112986432E+018,ParisSG Infos ‚ù§üíô,Selimpsg FCBayernfr ManUtd LFC JuveFrance realmadridfra AjaxFrance Avec le niveau actuel de l√©quipe m√™me le Real et lAjax me font tr√®s peur ,Thu Dec 09 10:52:06 CET 2021,Equipe de France,0
1.46888053238996E+018,Burgat Jean,Pr√©sidentielle  Hidalgo joue son vatout en proposant une primaire  via LaMatinaleM Compterendu dune journ√©e folle qui confirme linexp√©rience de cette √©quipe qui dirige la capitale de la France ,Thu Dec 09 10:49:44 CET 2021,Equipe de France,0
1.46887925095882E+018,serra hanibal,lnstantFoot l √©quipe des  d√©faites ils vont te dire nous ont a l √©toiles qui ont magouill√© et qui a  ans pour terminer par meilleur club de France  bande de loser,Thu Dec 09 10:44:38 CET 2021,Equipe de France,0
1.46887915693511E+018,Agence ORE,opendatasoftfr enedis L√©quipe de lAgence ORE est fi√®re de cette r√©compense Plusieurs mois de travail pour r√©pertorier et mettre √† disposition sur un portail unique et in√©dit  dataviz √©nergie en France √©manant de  acteurs nationaux et dans les territoires,Thu Dec 09 10:44:16 CET 2021,Equipe de France,4
1.46887914779983E+018,Conf√©rence des grandes √©coles,A ans le regard des autres √©tait compliqu√© pour moi  Jai donc cach√© mon handicap et arr√™t√© le sport MParabad membre de l√©quipe de France de badminton handicap hanbition hansemble ,Thu Dec 09 10:44:13 CET 2021,Equipe de France,0
1.46887848396742E+018,Mouss‚ù§üíôüá®üáµüá™üá¨,DavForlan En √©quipe de france le constat est formel √† part sa demivol√©e il a pu√© la merde et √ßa que tu le veuille ou non,Thu Dec 09 10:41:35 CET 2021,Equipe de France,0
1.46887700347029E+018,TUI,celyaleib Bonjour celyaleibLa demande de remboursement du bon √† valoir doit √™tre faite via le formulaire en ligne √† disposition ici via ce lien   Un mail vous sera adress√© pour vous assurer la prise en charge de votre demande Belle journ√©e L√©quipe TUI France,Thu Dec 09 10:35:42 CET 2021,Equipe de France,2
1.46887611549009E+018,Casassa Michael üáÆüáπüáÆüá≤üòò,MDR PTRRRR le psg un club de football une √©quipe de football sans le PDG quatarie il serai rien ce club uniquement reconnu en France et avoir remport√© que des titres des troph√©es nationaux en France et des joueurs en fin de carri√®re le monde de Disney au parc des Mickey du prince,Thu Dec 09 10:32:10 CET 2021,Equipe de France,0
1.46887525454619E+018,Ysalaine, femmes de l√©quipe de France de rugby s√©lectionn√©es dans la Dream Team de World Rugby Awards soit plus que pour toutes les autres nations  ,Thu Dec 09 10:28:45 CET 2021,Equipe de France,4
1.46887430675518E+018,Sham France - groupe Relyens,GrandZappingSYNERPA √áa commence aujourdhui Notre √©quipe est pr√©sente au grand rendezvous annuel de notre partenaire SYNERPAcomOn vous attend pour parler management des risques GrandAge RiskManager risqueRH ,Thu Dec 09 10:24:59 CET 2021,Equipe de France,2
1.46887422976448E+018,Biathlon Live,Martell  Programme de la premi√®re √©tape de Junior Cup La premier rendezvous de la Junior Cup se dispute ce weekend en Italie sur le site de Martell sans l√©quipe de France D√©couvrez le programme,Thu Dec 09 10:24:41 CET 2021,Equipe de France,2
1.46887402139994E+018,Sant≈çüè¥‚Äç‚ò†Ô∏èüç•,Didier Deschamps a r√©cup√©rer une √©quipe de France an√©anti en  et la redress√© jusquau sacre de  √ßa prendra le temps que √ßa prendra √† Xavi pour quil arrive a redress√© le club ,Thu Dec 09 10:23:51 CET 2021,Equipe de France,0
1.46887350696432E+018,BasketActu.com,VolteFace moustaphafall et Steven NzonziTours de contr√¥les au profil plut√¥t d√©fensif bien que capable dapporter en attaque quand il le faut ils sont tous les deux les plus grands joueurs de lEquipe de FrancePour en savoir plus  ,Thu Dec 09 10:21:49 CET 2021,Equipe de France,4
1.4688731240327E+018,Le Rugbynistere,VID√âO Un retour de Charles Ollivon (RCT) en √©quipe de France pour le Tournoi peu probable   ,Thu Dec 09 10:20:17 CET 2021,Equipe de France,4
1.4688728659782E+018,TSA Alg√©rie,Un ancien co√©quipier de Zinedine Zidane en √©quipe de France a relanc√© les sp√©culations sur la venue de lexcoach du Real Madrid au PSG,Thu Dec 09 10:19:16 CET 2021,Equipe de France,2
1.46887137306601E+018,CH4MPIONS ‚ù§ü§ç,Pour une √©quipe championne de France  ,Thu Dec 09 10:13:20 CET 2021,Equipe de France,4
1.46887057091796E+018,Áà±|Sogeking üá≤üá¶,mauguetinho Oue si on regarde par apport au gens de Twitter tt le monde le surcote  mais il est quand m√™me appel√© en √©quipe de France et titu au barca,Thu Dec 09 10:10:09 CET 2021,Equipe de France,4
1.46887042854231E+018,Ocho,M√™me si le r√©sultat du CongresLR n√©tait pas celui que jesp√©rais je sais que Val√©rie construira une vraie √©quipe de France de la droite autour delle et quelle portera la r√©volution thatcherienne dont la France a besoin ,Thu Dec 09 10:09:35 CET 2021,Equipe de France,4
1.46886963037465E+018,·¥ç ·¥Ä  ü ·¥ú *Ku≈üum*,LauraBrbt  Lenglet en √©quipe de France ptdr,Thu Dec 09 10:06:24 CET 2021,Equipe de France,0
1.46886892587838E+018,Laura,MaluInDiziland Et nous en √©quipe de France ,Thu Dec 09 10:03:36 CET 2021,Equipe de France,2
1.46886786273971E+018,Jonathan Brossard,Merci √† lequipe organisatrice du CESINFrance ainsi qua tous les participants de cette e edition  quelle seminaire incroyable  Merci de nous avoir invit√©s √† participer ,Thu Dec 09 09:59:23 CET 2021,Equipe de France,4
1.46886718823699E+018,UDI Jeunes 94,On voit encore une fois que LREM conna√Æt bien mal la r√©gion IleDeFrance √®re r√©gion de France et dEurope ni celles et ceux qui la dirigent issus de ses territoires  vpecresse et TOUTE une √©quipe comp√©tente  engag√©e chaque jour IDFRassemblee  UDIiledefrance UDIoff ,Thu Dec 09 09:56:42 CET 2021,Equipe de France,0
1.46886644647852E+018,Chris klaba,FlorianROUI Dose on lui rappelle quil est noir il se consid√®re meme pas noir il croit il est blanc zemmour est le premier √† dire que  noir en √©quipe de France ne repr√©sente pas l√©quipe de fr pourquoi lui il a le droit de parler de couleur de peau et pas nous ,Thu Dec 09 09:53:45 CET 2021,Equipe de France,0
